{
  "project_info": {
    "project_number": "252048916140",
    "firebase_url": "https://test-3d51a-default-rtdb.firebaseio.com",
    "project_id": "test-3d51a",
    "storage_bucket": "test-3d51a.appspot.com"
  },
  "client": [
    {
      "client_info": {
        "mobilesdk_app_id": "1:252048916140:android:2aae56c303f2d0e80f2909",
        "android_client_info": {
          "package_name": "com.example.magicgarden"
        }
      },
      "oauth_client": [
        {
          "client_id": "252048916140-e1ktpa3jo5ts42r9v2ss5ji0mvrj2t0t.apps.googleusercontent.com",
          "client_type": 3
        }
      ],
      "api_key": [
        {
          "current_key": "AIzaSyADrkzrgMR5y7GZp4aT6D0nhkHM4KymMRA"
        }
      ],
      "services": {
        "appinvite_service": {
          "other_platform_oauth_client": [
            {
              "client_id": "252048916140-e1ktpa3jo5ts42r9v2ss5ji0mvrj2t0t.apps.googleusercontent.com",
              "client_type": 3
            }
          ]
        }
      }
    },
    {
      "client_info": {
        "mobilesdk_app_id": "1:252048916140:android:31e24558aadfc7650f2909",
        "android_client_info": {
          "package_name": "com.example.test"
        }
      },
      "oauth_client": [
        {
          "client_id": "252048916140-e1ktpa3jo5ts42r9v2ss5ji0mvrj2t0t.apps.googleusercontent.com",
          "client_type": 3
        }
      ],
      "api_key": [
        {
          "current_key": "AIzaSyADrkzrgMR5y7GZp4aT6D0nhkHM4KymMRA"
        }
      ],
      "services": {
        "appinvite_service": {
          "other_platform_oauth_client": [
            {
              "client_id": "252048916140-e1ktpa3jo5ts42r9v2ss5ji0mvrj2t0t.apps.googleusercontent.com",
              "client_type": 3
            }
          ]
        }
      }
    }
  ],
  "configuration_version": "1"
}